{"cameraMode":{"drawMode":0,"name":"Shaded","section":"Shading Mode"},"sceneLighting":false,"audioPlay":false,"sceneViewState":{"showFog":true,"showMaterialUpdate":false,"showSkybox":true,"showFlares":true,"showImageEffects":true,"showParticleSystems":true},"in2DMode":false,"pivot":{"x":4.673486709594727,"y":-2.458543300628662,"z":5.819999694824219},"rotation":{"x":-0.014194420538842678,"y":-0.6973634362220764,"z":0.013816168531775475,"w":-0.7164443731307983},"size":11.611473083496094,"orthographic":true}