{"cameraMode":{"drawMode":0,"name":"Shaded","section":"Shading Mode"},"sceneLighting":false,"audioPlay":false,"sceneViewState":{"showFog":true,"showMaterialUpdate":false,"showSkybox":true,"showFlares":true,"showImageEffects":true,"showParticleSystems":true},"in2DMode":false,"pivot":{"x":1.3548336029052735,"y":-2.053968906402588,"z":0.20392608642578126},"rotation":{"x":-0.0496530644595623,"y":-0.6184920072555542,"z":0.0392087884247303,"w":-0.783240795135498},"size":9.457343101501465,"orthographic":true}